Words,Frequency
#delhifoodblogger,14
#delhifoodguide,10
#heresmyfood,10
#foodgasm,9
#vegan,9
#foodblogger,9
#streetfood,8
#healthyfood,8
#veganworldshare,7
#buzzfeedfood,7
#hotforfood,7
#delhistreetfood,7
#indianfood,7
#sanjyotkeer,6
#mumbaifoodie,6
#recipevideo,6
#eeeeeats,6
#studentblogger,6
#recipe,5
#foodiesofinstagram,5
#foodphotography,5
#homecooking,5
#recetasvegetarianas,5
#sambhar,5
#southindianfood,5
#mumbai,4
#southdelhi,4
#delhifood,4
#delhifoodblog,4
#receitavegetariana,4
#indianstreetfood,4
#recipes,3
#foodporn,3
#foodie,3
#indiancuisine,3
#delhilifestyleblogger,3
#googlelocalguides,3
#kolkatagram,3
#sodelhi,3
#lbbdelhi,3
#reelsinstagram,3
#india,3
#foodlover,3
#noida,3
#foods,3
#fusionfood,3
#idli,3
#dosa,3
#mumbaistreetfood,2
#wontonsoup,2
#soyachaap,2
#ARAKUTasteTest,2
#arakucoffee,2
#specialitycoffee,2
#tastetest,2
#makeyourpick,2
#coffee,2
#coffeelover,2
#coffeelove,2
#coffeelife,2
#coffeeconnoisseurs,2
#coffeeofinstagram,2
#InternationalCoffeeDay,2
#vegancooking,2
#americanfood,2
#kerala,2
#delhigram,2
#bangalore,2
#f52grams,2
#videorecipes,2
#reelitin,2
#instantnoodles,2
#magginoodles,2
#chillipotato,2
#northindianfood,2
#foodblog,2
#homemade,2
#lunchgoals,2
#karnataka,2
#idlisambar,2
#chennaifoodie,2
#bangalorefoodies,2
#tamilnadu,2
#southindian,2
#noodles,2
#YouTubeCreatorAwards,1
#chicken,1
#chickensofinstagram,1
#chickenwings,1
#chickenrecipes,1
#chickenlover,1
#chickenlollipop,1
#foodstylist,1
#mouthwateringfood,1
#wontons,1
#foodstyling,1
#instagram,1
#soupseason,1
#souprecipe,1
#flatlaysoftheday,1
#flatlaysquad,1
#flatlays,1
#flatlaystyles,1
#flatlayphotography,1
#aesthetic,1
#punediaries,1
#maharashtra_igers,1
#maharashtra_ig,1
#pintrest,1
#foodforfoodies,1
#souplover,1
#streetfoodindia,1
#foodstagram,1
#paratha,1
#alooparatha,1
#yummilicious,1
#parathas,1
#breakfastideas,1
#homemadefood,1
#favouritemarathidish,1
#monsoons,1
#sinhagadfort,1
#foodsofinstagram,1
#indian,1
#foodpics,1
#streetfoods,1
#comfortfood,1
#food,1
#deliciousfood,1
#cooking,1
#TalkRecipe,1
#carrotcake,1
#gourmet,1
#veganworld,1
#chocolatecake,1
#indianinfluencer,1
#microwavefood,1
#dessert,1
#brunch,1
#delhifoodie,1
#dessertlover,1
#delhidiaries,1
#pancakes,1
#videorecipe,1
#america,1
#sabudana,1
#vsco,1
#sabudanakhichdi,1
#lbb,1
#kolkata,1
#recetas,1
#zingyzest,1
#chennaifoodblogger,1
#maharashtra,1
#reelsindia,1
#pasta,1
#newdelhi,1
#foodtalkindia,1
#cheesy,1
#lifestyleblogger,1
#pizza,1
#cheese,1
#dominos,1
#pizzas,1
#garlicbread,1
#italianfood,1
#spicyfood,1
#foodcoma,1
#italy,1
#lunch,1
#friedrice,1
#desifood,1
#shotoniphone,1
#homecooked,1
#delhifoodbloggers,1
#veganrecipes,1
#punjabifood,1
#pulao,1
#pulav,1
#biryanilovers,1
#friedricerecipe,1
#MumbaiFoodBlogger,1
#malabar,1
#foodpic,1
#tasty,1
#appam,1
#khaosoi,1
#flashesofdelight,1
#kolkatadiaries,1
#fashionblogger,1
#delhibeautyblogger,1
#khaosuey,1
#idlis,1
#simplemealsfancyfeels,1
